areaunit,empirical,estimate,adjusted_estimate,empirical_density,estimate_density,adjusted_estimate_density
508803,0.0,0.00011616466764080237,0.00011347890505262823,0.0,0.0037079597158878016,0.003622230554985091
523818,0.0004962163503287433,0.0006761655804281837,0.0006605324257331567,0.00010489625446499508,0.00014293611393110397,0.00013963138732970564
511100,0.00148864905098623,0.0017861797753725365,0.0017448827535338257,0.002131316330648545,0.002557294563284446,0.002498169132079769
511902,0.00297729810197246,0.003192868988679034,0.0031190488826787176,0.0019149698076240161,0.002053622950610383,0.0020061425608930896
521301,0.0004962163503287433,0.0007277279540123275,0.0007109026614948265,0.00013797958779351418,0.0002023544831884635,0.00019767598574570074
508805,0.00012405408758218582,0.0002631131125435782,0.0002570298570367258,0.0017584683668582205,0.003729631923712036,0.0036434016947465525
508411,0.002357027664061531,0.00391286961586513,0.0038224028755031703,0.0013685158015105745,0.002271854497174138,0.002219328527460588
523813,0.0003721622627465575,0.0006136855161686239,0.0005994969196383387,9.34221564254424e-05,0.0001540506118606026,0.0001504889146731248
508520,0.002357027664061531,0.004996574037712058,0.004881051720194441,0.0011873025901205892,0.0025169179756177646,0.002458726063449432
508420,0.004093784890212133,0.004879966053053643,0.004767139747749021,0.0017433532899625505,0.002078151417735041,0.0020301039223677548
507710,0.00024810817516437165,0.0024437306741253956,0.0023872308747162146,0.0002575608703044589,0.0025368345835458882,0.0024781821933204744
523202,0.0,1.804399229389413e-05,1.762680968210296e-05,0.0,2.1755021514674283e-05,2.125203877408998e-05
507720,0.0011164867882396724,0.002921242047990719,0.002853702039803765,0.0012001022697439743,0.0031400185377855293,0.0030674203503484104
511402,0.002232973576479345,0.00436171247762875,0.004260868353243094,0.0016947318182509725,0.0033103539583994273,0.003233817564023687
513511,0.002357027664061531,0.0015638643270740372,0.0015277073062867608,0.002151398756569579,0.0014274315995566412,0.0013944289450909886
507900,0.005210271678451805,0.005651335036401019,0.00552067444465434,0.0014237292507136992,0.0015442517191921366,0.0015085481478880423
508020,0.0026051358392259025,0.005158457445176556,0.005039192333845259,0.001479122521500836,0.0029288263853571284,0.0028611110249742917
508320,0.003721622627465575,0.0034917637832152858,0.0034110331382940676,0.0018324533198159744,0.001719275374495294,0.0016795252028349518
509701,0.0031013521895546458,0.004252246127216507,0.004153932898279286,0.002244208051463743,0.003077020735550569,0.0030058790765382813
510220,0.0026051358392259025,0.003212139272852617,0.003137873631997788,0.001882836969229032,0.0023215428854705972,0.0022678681050466686
510700,0.006698920729438035,0.006830327941625035,0.0066724086738895036,0.003254458379907578,0.003318298410287838,0.0032415783377585006
511302,0.001612703138568416,0.002261734360947664,0.0022094423718739785,0.0023396120687427316,0.003281187269134095,0.003205325217520578
511401,0.002357027664061531,0.004003570902989687,0.003911007121172648,0.0018182827426423023,0.003088476216400051,0.00301706970317245
513512,0.0018608113137327876,0.002559080507237409,0.002499913784463179,0.002075841322766941,0.0028548004980442823,0.002788796638780839
513211,0.0026051358392259025,0.0023544417357641407,0.0023000063238753543,0.0041106105234188,0.003715043503713921,0.0036291505634735493
513213,0.0027291899268080885,0.0031319793336283762,0.0030595670150462416,0.003213793511836704,0.003688103478160503,0.003602833399537396
513301,0.004217838977794318,0.003736218996949576,0.0036498364728393966,0.0015517753393383832,0.0013745836510965707,0.0013428028573370901
513521,0.003721622627465575,0.003921592374144094,0.003830923960947122,0.002253497125779607,0.002374581742488797,0.002319680687494536
513631,0.004217838977794318,0.0051242840010922415,0.0050058089902234575,0.002440809627551632,0.002965357802899194,0.0028967978249874638
514000,0.0031013521895546458,0.0031681086878474316,0.003094861047563207,0.0030951621129417313,0.0031617853700501605,0.003088683926804312
514102,0.026919737005334326,0.008406735557866803,0.019010770208795734,0.02307428074855749,0.007205842181989422,0.01629510158130974
514103,0.01724351817392383,0.005879260897020154,0.012177405801947497,0.018625640132687554,0.006350502061677645,0.013153462995722504
514200,0.004838109415705247,0.0012015269325962128,0.001173747263013471,0.011189594476122453,0.002778895219741765,0.0027146463136912924
514700,0.004341893065376504,0.006882148124082274,0.006723030757904398,0.0017722236318268054,0.002809075525256745,0.002744128841326836
514801,0.005086217590869619,0.00442100271672016,0.0043187877839017015,0.0014219923904993375,0.0012360132277545964,0.0012074362244969758
515801,0.0013645949634040443,0.0027620500148441557,0.0026981905750748073,0.0012339189822986808,0.0024975513135947545,0.002439807164566244
515802,0.0013645949634040443,0.0025568797975024805,0.0024977639558093367,0.0014345983112047822,0.002688047030673815,0.002625898562496212
516001,0.0018608113137327876,0.001033778878251495,0.0010098775949091473,0.0020595857669285923,0.0011442085761651447,0.0011177541244859588
516101,0.0011164867882396724,0.00332174154626546,0.0032449418673809152,0.001220417052911288,0.0036309520821271365,0.0035470033612322064
516102,0.0012405408758218582,0.0034920348941283523,0.0034112979810400367,0.0007941387156580303,0.0022354443613306152,0.0021837602050760524
516601,0.0009924327006574866,0.0034625215973171125,0.003382467040663324,0.000923796780059469,0.0032230561330443886,0.0031485380910483284
516602,0.0008683786130753009,0.0034748995464438845,0.0033945588078265246,0.0006644903228920188,0.002659021176784325,0.0025975437952120506
517702,0.0024810817516437165,0.0037258388586316597,0.003639696326489094,0.0023502473590723038,0.003529364936091586,0.0034477649410338904
517703,0.002853244014390274,0.0024707618199911793,0.0024136370522352866,0.003989524450051341,0.0034547219380444733,0.0033748477118947903
519200,0.002853244014390274,0.004315288788490733,0.004215517993973995,0.002165972083508789,0.0032758484731796626,0.00320010985615888
519900,0.0062027043791092916,0.003782725764209936,0.0036952679894392795,0.00682657578796234,0.00416319439653274,0.004066940070801975
520301,0.0011164867882396724,0.0014295614426973948,0.0013965095456079542,0.0004665244806236918,0.0005973428585084976,0.0005835321092137474
520500,0.011785138320307654,0.005741529242033472,0.005608783332710654,0.001751987741347792,0.0008535401600929133,0.0008338060509525149
520601,0.007691353430095521,0.004928024712590847,0.004814087276402417,0.005095001094997658,0.0032644828423277978,0.003189007002162946
521201,0.0003721622627465575,0.0014735560055810077,0.0014394869407634136,5.0029115709899166e-05,0.00019808753140141146,0.00019350768718693183
522722,0.001984865401314973,0.0040053119030757115,0.003912707868805047,0.0014686633841910384,0.0029636543265929753,0.0028951337335736227
522920,0.002232973576479345,0.004721890678617729,0.004612719124240336,0.001482634546264701,0.003135208726850188,0.0030627217437106296
523110,0.0008683786130753009,0.002098257682963061,0.0020497453246040064,0.0007514204485657046,0.0018156524188854238,0.0017736739805288585
523112,0.0024810817516437165,4.6212207806595456e-05,4.514376745063745e-05,0.00045069213515944314,8.394515252465256e-06,8.200431496459146e-06
525620,0.002357027664061531,0.0019710983377228064,0.001925525942255386,0.003313983613733593,0.0027713665358576715,0.0027072916952775752
523113,0.00446594715295869,0.0037273517803448693,0.003641174268990305,0.001170087247689043,0.0009765737561276792,0.000953995072677126
523116,0.000744324525493115,0.0017234579856373275,0.0016836111107301692,0.000895140468014136,0.0020726671431981016,0.0020247464459328007
523912,0.003721622627465575,0.00475756531708434,0.004647568954171908,0.0007313630419841978,0.0009349436498645919,0.0009133274671831095
524001,0.0024810817516437165,0.0035663946465098358,0.00348393851323979,0.0007965373027441142,0.001144970886336166,0.001118498809813045
524122,0.008435677955588637,0.004478426273769369,0.004374883690776939,0.0089499906922152,0.00475147032366896,0.004641614878865472
524200,0.017739734524252575,0.006797157906200527,0.012527834745888432,0.0006282437913528965,0.00024071793450898066,0.0004436669775096935
524301,0.00831162386800645,0.006161656685659923,0.006019197301549347,0.004809595524053623,0.0035654977759734746,0.0034830623786240994
524302,0.007939461605259893,0.00566764404265082,0.005536606381699489,0.006227679856675754,0.004445675839762367,0.00434289045680493
524303,0.00595459620394492,0.005753424419863545,0.005620403490396956,0.003203273150523427,0.0030950528527030905,0.003023494285635906
524403,0.0026051358392259025,0.0027113064300693466,0.002648620197475173,0.003031310477062435,0.003154849533849306,0.0030819084492543637
524510,0.006326758466691477,0.004051795101282625,0.0039581163612751975,0.006699428088949732,0.004290460913769769,0.00419126414729808
524604,0.004838109415705247,0.00035290698260473906,0.0003447476654024032,0.00029535405614445134,2.1544057770924786e-05,2.1045952576516364e-05
524720,0.009055948393499566,0.006219559317415243,0.006075761206777199,0.0054963701769961855,0.003774866956048266,0.0036875908793220923
524811,0.004590001240540876,0.0040556733772284005,0.003961904970296827,0.003757158400266295,0.0033197828278134557,0.003243028435097641
524901,0.005334325766033991,0.004955943015807103,0.004841360099923114,0.0028648697812172254,0.002661654350738402,0.002600116089380237
525001,0.0062027043791092916,0.004679696011381334,0.004571500010595111,0.005006374799138626,0.00377711248949984,0.003689784495354565
525002,0.004217838977794318,0.0025460342440697995,0.0024871691548838427,0.0046915923619810455,0.0028320082572394845,0.002766531361543341
525530,0.003597568539883389,0.003274452295868512,0.003198745958893503,0.0026451399729814774,0.002407566266327068,0.0023519025990694337
525700,0.0033494603647190174,0.0025847800631910054,0.002525019158835451,0.0019375575372134715,0.0014952140190185456,0.0014606442143167333
517001,0.005582433941198363,0.004284046226380394,0.00418499776943995,0.0030995809856600733,0.0023786664320342957,0.0023236709377704324
522202,0.003225406277136832,0.004796732054774895,0.004685830144927008,0.002270229346307287,0.003376220215826425,0.0032981609734658948
522301,0.005086217590869619,0.003324053596693104,0.0032472004624966595,0.004714761346385557,0.0030812915749290587,0.003010051172806186
508610,0.001984865401314973,0.004031066810154018,0.0039378673145671235,0.001261039490458594,0.0025610474306789087,0.002501835232034087
522302,0.005086217590869619,0.00516981521271269,0.0050502875063277225,0.0034709338620757656,0.003527982506035669,0.0034464144731830085
522400,0.006698920729438035,0.004178254990428262,0.004081652459167695,0.006688169363422944,0.004171549141751912,0.004075101651760457
508620,0.00148864905098623,0.0030256179025066024,0.0029556646926907817,0.0011159379085996385,0.0022680978516111477,0.0022156587366901517
509702,0.004714055328123062,0.004661749128360524,0.004553968064990045,0.002325630294590832,0.002299825573539518,0.0022466529039990857
513012,0.00148864905098623,0.0019378516001447264,0.0018930478794024139,0.0014363602935846763,0.0018697846154292553,0.0018265546241586605
507800,0.004341893065376504,0.005834864344409406,0.005699960499018628,0.0024838934622682966,0.0033379867214772476,0.0032608114491811417
508210,0.002232973576479345,0.003710443917461225,0.0036246573210595556,0.0014988156876614151,0.002490522776560139,0.002432941129454119
508010,0.0024810817516437165,0.0034637042228874764,0.003383622323569371,0.002033211661229254,0.0028384569804514545,0.0027728309883054527
508220,0.0011164867882396724,0.0029138078041040334,0.0028464396779058774,0.0006100229437669456,0.0015920381978125784,0.0015552297885305867
508110,0.0027291899268080885,0.002989310444739999,0.0029201966744346742,0.00200030260208072,0.00219095248824761,0.0021402969976848708
508310,0.005086217590869619,0.004144351949942776,0.004048533267330946,0.003676947012775441,0.002996050060773499,0.0029267804684874545
508120,0.0011164867882396724,0.002053582180114525,0.0020061027330235456,0.00114600963523716,0.002107884293797283,0.002059149365256136
508412,0.000744324525493115,0.002388665036577432,0.0023334383715233335,0.0007371605705487455,0.0023656746767100143,0.0023109795557964413
508510,0.002108919488897159,0.005213395230210614,0.005092859940513396,0.0012264876005291716,0.0030319624054757134,0.0029618625088138747
509300,0.002232973576479345,0.0033840157957544747,0.0033057763172055317,0.001288445189218692,0.0019526065683026896,0.0019074617081909528
511601,0.0038456767150477607,0.0043623328674575815,0.004261474399469638,0.0026236223230519423,0.002976098809049986,0.00290729049579615
509400,0.0031013521895546458,0.005025302646017852,0.004909116114303569,0.0016841480439859753,0.0027289237417901413,0.0026658301915693187
509500,0.000744324525493115,0.0019467927358479895,0.0019017822933179312,0.0007036102852061308,0.00184030398729606,0.0017977555971501794
509800,0.0018608113137327876,0.0037342847938454885,0.003647946989101708,0.0010557925276651861,0.002118769352066589,0.0020697827576543685
510010,0.0034735144523012035,0.004758262684793719,0.004648250198526896,0.0019205899290672462,0.002630958217610675,0.0025701296602238673
510020,0.0017367572261506017,0.004299436132149326,0.004200031855888005,0.0009335880735586622,0.0023111476005764618,0.002257713162313614
520202,0.00148864905098623,0.0014697147036017068,0.0014357344508588634,0.001103537315813048,0.0010895012615291012,0.001064311659669856
510210,0.002108919488897159,0.002722100180712655,0.002659164393307603,0.002094654597834264,0.0027036876890340566,0.002641177604059096
510401,0.0024810817516437165,0.0031659967455728217,0.0030927979340388935,0.001309145382829469,0.0016705414961735493,0.0016319180666614986
512100,0.004093784890212133,0.005530599741691001,0.0054027305868260345,0.0018878431597338051,0.0025504283130606494,0.002491461631657841
510402,0.000744324525493115,0.003654174113811562,0.0035696884924529535,0.00022720397781988226,0.0011154313284980016,0.0010896422155723686
520302,0.0012405408758218582,0.0037404435342709356,0.0036539633375678717,0.0012654429196245483,0.0038155274678577235,0.0037273113076823246
510500,0.002108919488897159,0.003662207054220706,0.00357753570882688,0.0012993863938115344,0.0022564265931571833,0.0022042573212956063
512402,0.0031013521895546458,0.003617974971714288,0.0035343262855748246,0.002275136905032988,0.0026541288691288184,0.002592764599203466
510800,0.005706488028780548,0.004785409733949195,0.00467476959961621,0.0018279361893351058,0.0015328909110760896,0.0014974500051248018
511301,0.0009924327006574866,0.0024368224566076345,0.0023804823772969738,0.0014796083112923635,0.0036330350234850778,0.0035490381443499005
520303,0.001612703138568416,0.0030117381094406205,0.002942105804678852,0.0015842920918568311,0.0029586802154835624,0.0028902746254319657
511303,0.005458379853616177,0.001943857309593403,0.0018989147350147195,0.003199938063181081,0.0011395731263077638,0.0011132258476447723
520401,0.0027291899268080885,0.003601363154514823,0.0035180985386616356,0.0016587019729163992,0.002188777010681901,0.00213817181782479
511602,0.003721622627465575,0.002489469231541336,0.002431911942717864,0.0033876643085624706,0.0022660777051165524,0.0022136852965993887
512201,0.0026051358392259025,0.0030426159184077104,0.0029722697092737014,0.0023497755339281167,0.002744372994514972,0.0026809222528535307
511700,0.005458379853616177,0.004387630837373201,0.004286187472595761,0.0034541600149811877,0.002776570961603628,0.0027123757931110494
512202,0.003597568539883389,0.004378654135722798,0.004277418315028662,0.002237706939324744,0.002723546371885799,0.0026605771480992116
512401,0.0038456767150477607,0.0033407970756875976,0.0032635568271439717,0.0036126512785607553,0.0031383643819225563,0.003065804439074106
520402,0.003597568539883389,0.004503412486695594,0.00439929221483046,0.0026355754975015615,0.003299195963466538,0.003222917545340877
512300,0.004590001240540876,0.00464207361115942,0.004534747451754793,0.0016725314167326856,0.0016915058507772829,0.0016523977189850686
512500,0.004341893065376504,0.0060083356358197676,0.005869421081199978,0.002087022936781857,0.0028880338817723283,0.002821261656528868
523102,0.002232973576479345,0.003678215991264251,0.0035931745143574522,0.001212081472205902,0.001996574209719093,0.0019504128043117458
513011,0.000744324525493115,0.0019585356843776986,0.0019132537412917786,0.0010197508608556618,0.0026832629877908878,0.0026212251281456044
523601,0.006947028904602407,0.003877606002559013,0.0037879545677048715,0.008663532524417426,0.004835702597665943,0.0047238996769662775
523602,0.008435677955588637,0.004774384304041445,0.004663999081014678,0.008547845086734946,0.0048378681156797864,0.0047260151275423734
513214,0.000744324525493115,0.0025224047109359796,0.002464085943771647,0.0007541724107908081,0.002555777724207578,0.002496687362785544
513302,0.005830542116362734,0.004582370419600994,0.004476424616216306,0.0030429331814186603,0.0023915180991872847,0.002336225470454429
517903,0.002232973576479345,0.0037759022522283916,0.0036886022391383927,0.0018724752899973568,0.0031663087011940872,0.003093102677150936
513610,0.0004962163503287433,0.00033622597293398154,0.00032845232576898635,0.00017010972337105503,0.00011526284292742782,0.00011259793080201026
523711,0.006698920729438035,0.004806504102708508,0.00469537626012838,0.0023463321648122424,0.0016835033032900283,0.0016445801928393962
517800,0.002853244014390274,0.004363736633245688,0.0042628457097640664,0.001473969565069697,0.0022542814266652703,0.00220216175170804
517002,0.003969730802629946,0.0027587797051971583,0.0026949958759854777,0.0035031155951667937,0.0024345036702496806,0.002378217201987686
513530,0.004714055328123062,0.006078497526212815,0.005937960807262336,0.0019101156125126363,0.0024629819162647376,0.0024060370222586903
517500,0.0034735144523012035,0.0032795162635760474,0.0032036928461212947,0.0027557452903360182,0.0026018350066005103,0.00254167978674539
513622,0.00012405408758218582,0.0011136545247070306,0.0010879064920276138,7.090157644714198e-05,0.0006364954429003413,0.0006217794738987255
517600,0.0026051358392259025,0.0035488091563518633,0.0034667596049842166,0.0022090646051698393,0.003009266764426766,0.0029396915979163734
517701,0.0013645949634040443,0.0024329569227599774,0.002376706215772263,0.001664632098058201,0.0029678976512681173,0.0028992789512865234
513632,0.004838109415705247,0.003554794921189382,0.003472606977110865,0.003674729545076604,0.0027000029972820924,0.0026375781035056036
518202,0.0018608113137327876,0.001961508812336337,0.0019161581296241318,0.0025196409594839347,0.0026559909161542397,0.00259458359513306
514101,0.01128892196997891,0.0030788779857127187,0.003007693386509548,0.005979668684009113,0.0016308616820996413,0.0015931556620057017
514301,0.0033494603647190174,0.0022163902358909456,0.0021651466168349613,0.0063415303429185345,0.004196289671225855,0.004099270172638135
514302,0.0011164867882396724,0.00067079757158675,0.000655288526895325,0.002810145831908332,0.0016883665975311853,0.0016493310462326308
514401,0.004217838977794318,0.004785495681008174,0.00467485355955294,0.0028918570689536152,0.0032810568602615196,0.003205197823740959
514500,0.005830542116362734,0.00597133155229665,0.005833272543387568,0.0032111126309860598,0.0032886510016922866,0.003212616386302881
514402,0.008063515692842079,0.005711192407251783,0.005579147894812846,0.00465005694634407,0.003293522445652761,0.0032173752009914337
515302,0.0027291899268080885,0.0023410974414657046,0.0022869705537359435,0.0038087630046222637,0.0032671545639547626,0.003191616952770053
515410,0.0031013521895546458,0.0023669645234471646,0.0023122395808831586,0.0037295970729062035,0.002846443557121143,0.0027806329128837385
518301,0.001984865401314973,0.0025646690391896393,0.0025053731078501468,0.001962978058553636,0.0025363881339489393,0.002477746065774536
514600,0.003969730802629946,0.005137209604663706,0.0050184357498933565,0.0027298431441494437,0.003532676928636859,0.0034510003593001587
515420,0.002853244014390274,0.00209026511875334,0.0020419375509194426,0.00363547656447091,0.002663322805351672,0.0026017459688133654
515431,0.003969730802629946,0.0022229871214150968,0.0021715909803513536,0.003246365484295301,0.0018179138641375688,0.0017758831404762138
515432,0.0006202704379109291,0.0005127729921599819,0.0005009175239996645,0.0030917937545726962,0.0025559630731610784,0.0024968684264146408
514802,0.003597568539883389,0.00483811698377988,0.004726258241735998,0.0022592371302133465,0.003038289169169132,0.0029680429957987457
515500,0.0006202704379109291,0.00104856121944746,0.0010243181638626908,0.0012440960045645019,0.0021031323498979884,0.0020545072877508584
515600,0.0012405408758218582,0.0018109931688871843,0.0017691224538133377,0.0026498260673926462,0.0038683263085612218,0.003778889423065978
515700,0.002853244014390274,0.003152683455526591,0.0030797924513239097,0.002076541630171293,0.0022944684748781464,0.0022414196630946214
514900,0.003225406277136832,0.0028163100993737625,0.002751196149881101,0.002883946905809991,0.0025181599150666707,0.0024599392888790374
516003,0.00297729810197246,0.003481629869559782,0.003401133523816795,0.0015843806490811745,0.0018527627411373522,0.0018099263007982263
515001,0.00148864905098623,0.00415295107008477,0.0040569335731894095,0.0011854444505235752,0.003307087587948539,0.0032306267130550502
516700,0.003969730802629946,0.005382710233324487,0.005258260329052846,0.0021784813157946707,0.002953886360220095,0.0028855916055660524
515002,0.004590001240540876,0.003567011740504186,0.0034845413398325534,0.003142793575280496,0.002442348268229585,0.0023858804304668496
515003,0.0006202704379109291,0.0014388401270230675,0.0014055737039186562,0.0004824008642588211,0.0011190243454837552,0.0010931521609082394
515100,0.001984865401314973,0.0035647960539141,0.003482376880593018,0.0009398677356443228,0.0016879919378948308,0.0016489650488414759
518302,0.0018608113137327876,0.003546217380406619,0.0034642277516902576,0.0016824136240578364,0.003206238263189931,0.00313210905548045
515201,0.002108919488897159,0.0022315490389355993,0.0021799549437242945,0.0025718013796688245,0.002721346607752402,0.002658428243184304
515202,0.00148864905098623,0.002316661185360788,0.0022630992713340856,0.0015818086596380723,0.0024616377661500237,0.002404723949305081
515301,0.001612703138568416,0.0017815493662353525,0.001740359400869846,0.002281194504741452,0.0025200302070406693,0.0024617663391314805
515901,0.0008683786130753009,0.002087289981681463,0.002039031199925162,0.0009832023186339654,0.0023632875323619977,0.0023086476029546953
515902,0.003225406277136832,0.003745514064263993,0.00365891663535914,0.0015298829481201746,0.0017765818028817218,0.0017355066890978581
516002,0.0012405408758218582,0.003054203754351858,0.002983589630912332,0.0011061289524834594,0.0027232824530945966,0.0026603193311910524
523712,0.0038456767150477607,0.005911817636633479,0.005775134607627842,0.0011154371413799832,0.0017147205689868605,0.0016750757058207396
516201,0.0013645949634040443,0.002723727414368172,0.0026607540048241085,0.0010072862238979842,0.002010540252400147,0.0019640559478213094
516202,0.0004962163503287433,0.0044829763020033855,0.004379328520968778,0.00036191785309347353,0.0032696809720499918,0.0031940849495386498
518500,0.005210271678451805,0.004187181104162813,0.004090372198427002,0.002870827477252664,0.0023071108970723784,0.0022537697886272023
516301,0.002232973576479345,0.0054336789741554455,0.005308050657031856,0.0009851275290600156,0.002397192155741852,0.002341768341088811
516302,0.002108919488897159,0.004127587246367817,0.004032156168821949,0.0008429209312928222,0.00164976885273139,0.0016116256930789055
518600,0.004341893065376504,0.004824733415855466,0.0047131841059888345,0.0027868173166005227,0.003096725421108747,0.0030251281837492846
516400,0.005582433941198363,0.0055835175124537405,0.0054544248825696435,0.0018402443199567573,0.0018406015182449917,0.0017980462490927171
516500,0.0031013521895546458,0.005027362804694655,0.00491112864148267,0.0014556919067251271,0.002359709861915377,0.0023051526493412865
516800,0.0009924327006574866,0.003581274088511857,0.0034984739379991026,0.0004862644880606411,0.001754724940140877,0.0017141551636978452
516900,0.004217838977794318,0.006409918545759151,0.00626171927163325,0.0017008450553886612,0.002584801914296828,0.0025250405047370344
517100,0.00955216474382831,0.004785353455408235,0.004674714622252302,0.006399124851584539,0.003205773250498409,0.003131654794024353
517201,0.0003721622627465575,0.002263121085689153,0.002210797035115991,0.00041280218364389716,0.0025102527030238806,0.002452214893993242
517202,0.00012405408758218582,0.0014492374703663762,0.00141573065750891,0.00011683233732505258,0.001364870793876722,0.0013333145643421053
517400,0.001984865401314973,0.001683548951595453,0.0016446247857420605,0.0027250458780089457,0.0023113648552350644,0.002257925393978169
517901,0.002357027664061531,0.0022670742556634366,0.0022146588065933195,0.0022172661503192578,0.0021326465887468436,0.0020833391483849896
518701,0.005830542116362734,0.00630436597922991,0.006158607112673948,0.0028720386056944806,0.0031054372158571234,0.003033638559142824
517902,0.0024810817516437165,0.002166922201401657,0.0021168222984087413,0.0030288971088667394,0.0026453720787782942,0.0025842102685198396
518101,0.00148864905098623,0.0029363028191380564,0.002868414601323183,0.0016470333625744924,0.0032487097630821307,0.0031735986013259445
518102,0.0018608113137327876,0.002082443674936768,0.002034296941272284,0.0021620005383971223,0.0024195061117526593,0.0023635663916228055
518201,0.002853244014390274,0.003547047463337261,0.0034650386428500676,0.002041457398073805,0.002537864356791151,0.002479188157893853
518702,0.002357027664061531,0.004094263035239712,0.0039996024236310865,0.0010902076703111988,0.0018937397440632758,0.0018499559029036673
518801,0.00595459620394492,0.0034255300968296662,0.0033463307949629594,0.0051789926924501505,0.0029793448172851116,0.0029104614553296716
518802,0.0038456767150477607,0.0027723680665740183,0.0027082700702979307,0.0032571706635530946,0.0023481110358763366,0.002293821991702114
518803,0.004962163503287433,0.005107150902143926,0.004989072013754631,0.0023606640652172202,0.002429639330172333,0.0023734653269383127
518901,0.003969730802629946,0.005353677974768625,0.005229899305180154,0.0019229956041795827,0.002593399835790531,0.0025334396396603214
519820,0.005334325766033991,0.003237875527321113,0.0031630148564040887,0.0033968061083770647,0.002061822965406587,0.00201415298884323
518902,0.001984865401314973,0.003673810202442118,0.0035888705887182487,0.0011477745979557074,0.0021244292057688197,0.0020753117538106973
519001,0.0024810817516437165,0.0037486199632656026,0.003661950725027408,0.0017400102170115497,0.0026289488572693595,0.002568166756907226
520000,0.004093784890212133,0.0027864587051826474,0.0027220349290391775,0.001621456111941569,0.0011036536162399762,0.0010781368076182188
519002,0.0038456767150477607,0.003949236083010362,0.003857928538823054,0.0027309286720939314,0.0028044692393824847,0.0027396290541885754
519300,0.00297729810197246,0.0024252426867717937,0.0023691703352757636,0.0009733987511588024,0.0007929095850350692,0.0007745772733043045
519400,0.0038456767150477607,0.00440390520269705,0.004302085569623744,0.0023971054264331332,0.0027450630516015952,0.002681596355609595
520201,0.0027291899268080885,0.005585096701279817,0.005455967560067836,0.0015890991210628929,0.003251980440011023,0.0031767936592054986
519500,0.0017367572261506017,0.0005027619059340172,0.0004911378971442532,0.0004061181224049079,0.0001175643424309729,0.00011484621893424202
519710,0.001612703138568416,0.003566775510368411,0.0034843105714096535,0.0020083771325262512,0.004441877863670239,0.004339180291079811
519720,0.0018608113137327876,0.002970507124139409,0.002901828092348196,0.0021366201278689417,0.0034107946703540695,0.003331936056047123
519810,0.002108919488897159,0.0036602110597963866,0.0035755858624031533,0.0012460912742150564,0.0021626985228264135,0.00211269627257191
520602,0.0026051358392259025,0.002584177175479087,0.0025244302100715316,0.0024405417270693315,0.002420907244810273,0.002364935130056274
523713,0.00012405408758218582,0.003171728030218292,0.0030983967096332417,1.2779226987190883e-05,0.0003267303256971906,0.0003191762207959234
523721,0.007195137079766778,0.004477742476182976,0.004374215702799549,0.007802918326698353,0.004855982372857909,0.004743710577563125
521501,0.001984865401314973,0.003254100344202601,0.003178864550564828,0.001389754402202028,0.00227844179034337,0.0022257635204002355
523722,0.004714055328123062,0.0046838601404267126,0.004575567863705392,0.003047475489442358,0.003027955333653187,0.0029579480817154944
521502,0.0024810817516437165,0.00446620319345686,0.004362943211813725,0.0012653119705138866,0.002277692123479782,0.002225031186063454
521601,0.0012405408758218582,0.002283272746521923,0.0022304827833967483,0.0015722692077018681,0.002893834054249096,0.0028269277272468182
521602,0.001984865401314973,0.006016176169215343,0.005877080339069243,0.0010827096010272252,0.003281719604546117,0.0032058452451753194
521801,0.003225406277136832,0.0027872469037460053,0.002722804904211064,0.004857455446384335,0.004197588300422516,0.004100538777131216
521802,0.00446594715295869,0.0035441383598317716,0.003462196798705955,0.004963218462945168,0.0039387687180972705,0.0038477031825830924
521901,0.010172435181739239,0.00545317393548087,0.00532709488889841,0.00417097139081608,0.0022359476435755274,0.002184251851281779
521803,0.0033494603647190174,0.001992528454698177,0.0019464605883823347,0.004276365875510276,0.0025439264125668515,0.0024851100570888957
521902,0.0013645949634040443,0.00012584533468057308,0.00012293575211432797,0.0019305332868246221,0.00017803715689114445,0.00017392088345797216
522100,0.005830542116362734,0.005575310529203576,0.005446407647278326,0.004066336662655572,0.0038883330500205774,0.0037984336025534875
522201,0.00446594715295869,0.0056531156252971285,0.0055224138657914475,0.0032044348302471388,0.004056259509724659,0.003962477551230789
522601,0.002357027664061531,0.004950931345156204,0.00483646430062804,0.0009191469007017016,0.0019306660124836094,0.00188602842472223
522603,0.0003721622627465575,0.0016675202942462355,0.0016289667158453055,0.0004741219815168684,0.0021243637662049057,0.002075247827229484
522604,0.0008683786130753009,0.002221414750673871,0.0021700549633018075,0.0009426754771093736,0.0024114748779144627,0.002355720842363385
522711,0.0006202704379109291,0.002498611623522408,0.0024408429598045916,0.0006242611270473597,0.0025146871635654466,0.00245654682845297
522712,0.0017367572261506017,0.002831751686501395,0.0027662807227990635,0.0015500509398576417,0.0025273304161420713,0.002468897765169249
522721,0.002232973576479345,0.002014973465581508,0.0019683866637601813,0.005198140483444296,0.004690657898880952,0.004582208455908391
522723,0.0027291899268080885,0.0024339489634533536,0.0023776753201818768,0.0015241251845768307,0.0013592468874134107,0.0013278206843135554
523819,0.00012405408758218582,0.0007314302081886801,0.0007145193184240925,7.878784876863402e-05,0.00046453779759092424,0.000453797541858257
522730,0.000744324525493115,0.0034377777075138135,0.0033582952371481295,0.0005960208717927079,0.002752814392222889,0.0026891684828687554
522810,0.003597568539883389,0.004073763017428322,0.00397957637249143,0.002479351916361161,0.0028075329301132713,0.0027426219114541303
522820,0.001612703138568416,0.003342895968918687,0.0032656071933226355,0.0009914539556162678,0.0020551379558547958,0.0020076225387536265
522910,0.00297729810197246,0.0033743652469741827,0.003296348892059955,0.002370261611888994,0.002686371379505623,0.0026242616528947093
523000,0.0018608113137327876,0.0046860754877359875,0.004577731991508392,0.0012486448807728456,0.003144458616246835,0.0030717577728398573
523101,0.0027291899268080885,0.004541582286666844,0.004436579517370754,0.001791253488538829,0.0029807837976276474,0.002911867166007277
523105,0.001984865401314973,0.002330289989156908,0.0022764129730247157,0.0013859415645422453,0.0016271359011395014,0.0015895160222390737
523106,0.004838109415705247,0.004492849259038218,0.004388973212222136,0.002992735145524361,0.002779165728955876,0.0027149105686497693
523820,0.00446594715295869,0.005552715119095125,0.005424334649951371,0.0011407681524411985,0.0014183689037264898,0.0013855757815558368
523107,0.0006202704379109291,0.001411017445403589,0.0013783942911942202,0.0007915986512942561,0.001800762116756793,0.0017591279467323799
523109,0.00297729810197246,0.0029517817288081277,0.002883535633875006,0.0020948529606356734,0.0020768994175112635,0.002028880868771465
523114,0.003597568539883389,0.003752509955851348,0.003665750779796714,0.0008014784072827696,0.0008359967765411804,0.0008166682757855874
523115,0.001612703138568416,0.0045713540905135104,0.004465662988021297,0.00093343541770078,0.002645907800938794,0.0025847336046203994
523201,0.0012405408758218582,0.0019051663067191024,0.001861118279941649,0.0012415534247173865,0.0019067213333024773,0.0018626373538355697
523402,0.00595459620394492,0.0033417867589295275,0.0032645236286071365,0.0038644623584862168,0.002168779997443848,0.0021186371416391362
523403,0.0018608113137327876,0.0012770959243502587,0.0012475690766022365,0.005293804848555194,0.003633198350902929,0.003549197695587977
523404,0.002232973576479345,0.000695191355307742,0.0006791183188877438,0.0021016209039301246,0.0006542973458959691,0.0006391697914610629
523501,0.005086217590869619,0.0019294021844388685,0.001884793816767809,0.004203550333068037,0.0015945718110014111,0.0015577048238088237
523502,0.006450812554273664,0.0050013245191694875,0.004885692369069957,0.005460292413438932,0.004233372788219564,0.00413549591664316
523814,0.0038456767150477607,0.005738503136313854,0.005605827191479333,0.0014297066759068927,0.002133402480660329,0.002084077563846615
523816,0.0034735144523012035,0.0030036155921579102,0.0029341710824760292,0.003663337038104087,0.0031677588788177795,0.0030945193262251385
523817,0.0027291899268080885,0.0022747939313021545,0.002222200000973972,0.005423325753740813,0.004520370088905065,0.004415857752098635
523911,0.0026051358392259025,0.003367532012331394,0.0032896736438887205,0.0005289022451303956,0.0006836861307008824,0.0006678790985870577
524002,0.007939461605259893,0.006544778631528271,0.006393461351038193,0.002395334184814686,0.0019745585743192436,0.0019289061771250874
524111,0.007195137079766778,0.0033129562641885466,0.0032363597037083154,0.007292216461543021,0.003357655863711615,0.0032800258348408347
523920,0.003721622627465575,0.0046896187560801165,0.004581193338406424,0.0015809712992011348,0.001992182819085832,0.0019461229439708913
524112,0.00595459620394492,0.004507806885521513,0.00440358501381364,0.00479222042478782,0.0036278537600053845,0.0035439766732640204
524121,0.002853244014390274,0.002336436708810664,0.0022824175786430997,0.003984768862936504,0.0032630087719574584,0.0031875670127496946
524402,0.000744324525493115,0.0001977719597348172,0.0001931994116336329,0.0003980307445400316,0.00010575940693374153,0.00010331421715048976
524405,0.004093784890212133,0.003176682277754157,0.003103236413453237,0.006439970251582198,0.00499726778912535,0.004881729431863213
524520,0.007319191167348964,0.005550269523923215,0.005421945597686628,0.006572207591272562,0.004983818930903698,0.0048685915153504206
524404,0.004217838977794318,0.003076891591031927,0.0030057529178803455,0.0038028956069399906,0.0027741925607328182,0.002710052381594647
525410,0.00595459620394492,0.0022224011139104958,0.0021710185215192035,0.005554896513837901,0.002073223402089327,0.0020252898439486007
524530,0.010296489269321423,0.00564919330997605,0.00551858223559832,0.009715229699511661,0.005330283865480968,0.005207046074842909
524602,0.00595459620394492,0.004302983066455527,0.004203496783989948,0.0017307365734084658,0.0012506860100669856,0.001221769767601787
524603,0.003225406277136832,0.002852154085185642,0.0027862114117956057,0.0019467158092672907,0.0017214369201965897,0.001681636772939579
524711,0.004714055328123062,0.003472037075843136,0.0033917625184201558,0.007269077133830453,0.005353883982917061,0.0052301005503572915
524712,0.006078650291527106,0.0021100218932455796,0.002061237542752446,0.01268349119654165,0.004402695141846541,0.004300903485749606
524713,0.003969730802629946,0.003089502578215549,0.003018072335189361,0.0057565226079627045,0.004480100118394539,0.004376518835603246
524812,0.0062027043791092916,0.005006880277889094,0.0048911196769514465,0.003851586128153098,0.003109035905143396,0.0030371540456338936
524821,0.003721622627465575,0.002806597724669235,0.0027417083282455365,0.004967445288513805,0.0037461134670862635,0.0036595021798051255
524822,0.006450812554273664,0.004956928608697848,0.004842322905605262,0.006104790639933863,0.004691038705372254,0.004582580458037328
524902,0.004962163503287433,0.0028834229131324907,0.0028167572948919993,0.005989323282586373,0.0034802867692139213,0.0033998214763610625
525101,0.008559732043170823,0.005596974344080736,0.0054675705881402125,0.004397862610484253,0.002875641909761715,0.002809156190695182
525102,0.008063515692842079,0.00809301714294654,0.007905904115298682,0.0025645872861593906,0.002573970171583465,0.0025144591952228116
525420,0.004217838977794318,0.0034866570255838517,0.0034060444504584834,0.003644439802377692,0.003012659257068787,0.002943005655092571
525510,0.0033494603647190174,0.0016379186365383532,0.0016000494575028619,0.001711621172845025,0.0008369993707722773,0.0008176476897319067
525520,0.002357027664061531,0.0025147299991454698,0.002456588673661302,0.0021258974564801617,0.002268135495578194,0.002215695510317185
525540,0.00148864905098623,0.002879597730956373,0.00281302055209586,0.0012331934782486163,0.0023854521920007323,0.002330299808894329
525610,0.008683786130753008,0.00621057848870667,0.006066988017570777,0.005273973376426925,0.0037719060682127217,0.00368469844811745
525630,0.004217838977794318,0.004242214488596251,0.004144133194207216,0.0030548771529236222,0.0030725317365698215,0.0030014938645847398
513212,0.0031013521895546458,0.0023153579040447185,0.0022618261222800166,0.004421331896021407,0.003300807237029154,0.003224491565766703
513013,0.0017367572261506017,0.0025393300027243162,0.0024806199176454903,0.0024830592600384115,0.003630505624285347,0.0035465672256320513
513621,0.0004962163503287433,2.254402265357393e-05,2.2022797965727004e-05,0.0010158795667753048,4.615327961586263e-05,4.5086201697668816e-05
512903,0.0008683786130753009,0.0009321426760999691,0.0009105912527872367,0.0019249159509333422,0.0020662603601165975,0.002018487789632531
513220,0.004341893065376504,0.0058091867172791216,0.0056748765464685776,0.0013302506335035034,0.001779793789124696,0.001738644413238075
511800,0.003225406277136832,0.0035989134491890822,0.0035157054712710734,0.002126391937769628,0.0023726315029930405,0.002317775538131451
